strain,gene,type,effect
Pex-Mel-p2-1,spa,complex,missense_variant c.1111_1112delGGinsAA p.Gly371Asn
Pex-Mel-p2-1,spa,snp,synonymous_variant c.1110C>T p.Asp370Asp
Pex-Mel-p2-1,spa,snp,synonymous_variant c.1101C>T p.Gly367Gly
Pex-Mel-p2-1,spa,complex,missense_variant c.1092_1095delCAAGinsAAAA p.Asn364Lys
Pex-Mel-p2-1,hemE,ins,frameshift_variant c.842_843insA p.Leu282fs
Pex-Mel-p2-1,ydbT,del,frameshift_variant c.1021delA p.Ile343fs
Pex-Mel-p2-1,lolD,snp,missense_variant c.236C>A p.Ala79Glu
Pex-Mel-p2-2,clpX,snp,missense_variant c.977C>T p.Ala326Val
Pex-Mel-p2-2,ydbT,snp,stop_gained c.871C>T p.Gln291*
Pex-Mel-p2-3,ydbS,snp,missense_variant c.92T>G p.Leu31Arg
Pex-Mel-p4-1,rfe,snp,missense_variant c.140T>A p.Met47Lys
Pex-Mel-p4-1,aspB,ins,frameshift_variant c.824dupG p.Phe276fs
Pex-Mel-p4-2,tarA,snp,missense_variant c.686G>A p.Arg229His
Pex-Mel-p4-2,ydbT,ins,conservative_inframe_insertion c.343_344insTGGATTTACAAATCAAAACACCAAGTGATGGTA p.Val115_Asp116insAspLeuGlnIleLysThrProSerAspGlyMet
Pex-Mel-p4-3,ydbT,snp,stop_gained c.1342C>T p.Gln448*
Pex-Mel-p4-3,unknown_1,snp,
Pex-Mel-p4-3,unknown_2,complex,
Pex-Mel-p4-3,unknown_3,complex,
Pex-Mel-p4-3,unknown_4,snp,
Pex-p1-10,rimP,del,frameshift_variant c.430_433delGACA p.Asp144fs
Pex-p1-10,clpX,snp,stop_gained c.49G>T p.Gly17*
Pex-p1-10,pyk,snp,missense_variant c.1369C>T p.Pro457Ser
Pex-p1-10,menE,snp,missense_variant c.982G>T p.Gly328Trp
Pex-p1-10,ydbT,snp,stop_gained c.134C>A p.Ser45*
Pex-p1-12,rpoB,snp,missense_variant c.3155C>T p.Ser1052Leu
Pex-p1-12,ndh,snp,stop_gained c.859C>T p.Gln287*
Pex-p1-12,unknown_2,complex,
Pex-p1-12,trmK,snp,stop_gained c.397C>T p.Gln133*
Pex-p1-12,ydbT,snp,missense_variant c.875T>G p.Leu292Arg
Pex-p1-12,rpsK,snp,missense_variant c.280G>A p.Glu94Lys
Pex-p3-10,cps2a,del,frameshift_variant c.272delT p.Leu92fs
Pex-p3-10,unknown_1,complex,
Pex-p3-10,trmK,snp,stop_gained c.397C>T p.Gln133*
Pex-p3-10,greA,snp,stop_gained c.43G>T p.Glu15*
Pex-p3-10,hemC,snp,missense_variant c.242A>T p.Lys81Ile
Pex-p3-10,rpoA,snp,missense_variant c.445G>C p.Ala149Pro
Pex-p3-10,rpsK,snp,missense_variant c.280G>A p.Glu94Lys
Pex-p3-11,tilS,snp,synonymous_variant c.1287A>C p.Gly429Gly
Pex-p3-11,rpoB,snp,missense_variant c.1913T>C p.Met638Thr
Pex-p3-11,graS,del,disruptive_inframe_deletion c.446_457delAAAGAAAACAAG p.Glu149_Gln152del
Pex-p3-11,gGDEF,snp,stop_gained c.853A>T p.Lys285*
Pex-p3-11,mnhD1,snp,missense_variant c.935T>A p.Val312Glu
Pex-p3-11,ybeY,snp,stop_gained c.350T>G p.Leu117*
Pex-p3-11,gntR,snp,stop_gained c.14T>A p.Leu5*
Pex-p3-11,agrA,del,frameshift_variant c.105delC p.Ala36fs
Pex-p3-11,cps2a,snp,synonymous_variant c.153C>T p.Arg51Arg
Pex-p3-12,KNGJAN_02740,snp,missense_variant c.251C>T p.Ser84Phe
Pex-p3-12,clpP,ins,disruptive_inframe_insertion c.173_178dupAAGATA p.Lys58_Asp59dup
Pex-p3-12,trkA,del,conservative_inframe_deletion c.415_423delACTATTTCC p.Thr139_Ser141del
Pex-p3-12,menD,snp,missense_variant c.406G>T p.Asp136Tyr
Pex-p3-12,gntR,snp,stop_gained c.14T>A p.Leu5*
Pex-p3-12,ydbT,snp,stop_gained c.952C>T p.Gln318*
Pex-Temp-p2-4,ykaA,snp,missense_variant c.209C>T p.Pro70Leu
Pex-Temp-p2-4,hyl,snp,synonymous_variant c.222T>C p.His74His
Pex-Temp-p2-5,unknown_0,del,
Pex-Temp-p2-5,pitA,del,frameshift_variant c.103delG p.Val35fs
Pex-Temp-p2-6,mgrA,snp,missense_variant c.62A>C p.Gln21Pro
Pex-Temp-p2-6,rfe,snp,missense_variant c.728T>C p.Val243Ala
Pex-Temp-p2-6,pyk,del,disruptive_inframe_deletion c.1325_1384delGTAGAGTATCTAATGGTGATTTAATCATTATTACTGCTGGTGTACCAACTGGTGAAACTG p.Arg443_Gly462del
Pex-Temp-p2-6,rplN,snp,missense_variant c.115A>G p.Ile39Val
Pex-Temp-p4-4,ugpQ1,snp,missense_variant c.376C>T p.Pro126Ser
Pex-Temp-p4-4,ndh,del,frameshift_variant c.399_415delAGCACGTGAATTATCAC p.Ala134fs
Pex-Temp-p4-4,mnhA1,snp,stop_gained c.2377C>T p.Gln793*
Pex-Temp-p4-4,cps2a,del,frameshift_variant c.726_733delTAACGTGA p.Asn243fs
Pex-Temp-p4-4,mprF,snp,missense_variant c.1054A>G p.Asn352Asp
Pex-Temp-p4-5,cysK,snp,stop_gained c.430C>T p.Gln144*
Pex-Temp-p4-5,cysK,del,frameshift_variant c.476_485delCAGGTCCTGA p.Thr159fs
Pex-Temp-p4-5,cysS,del,disruptive_inframe_deletion c.635_646delCATTTCATGAGC p.Ala212_Leu216delinsVal
Pex-Temp-p4-5,pnp,snp,missense_variant c.1319G>T p.Gly440Val
Pex-Temp-p4-5,udk,snp,missense_variant c.269C>T p.Ala90Val
Pex-Temp-p4-5,tcaA,snp,stop_gained c.85C>T p.Gln29*
Pex-Temp-p4-5,clpL,snp,missense_variant c.1918G>A p.Val640Ile
Pex-Temp-p4-6,trkA,del,frameshift_variant c.93delT p.Val32fs
Mel-p1-4,rpoB,snp,missense_variant c.1466G>A p.Gly489Glu
Mel-p1-4,msrR,snp,missense_variant c.688C>A p.Arg230Ser
Mel-p1-4,gntR,snp,stop_gained c.14T>A p.Leu5*
Mel-p1-4,nsaS,snp,missense_variant c.509T>C p.Phe170Ser
Mel-p1-5,walK,snp,missense_variant c.1214C>T p.Ala405Val
Mel-p1-5,rpoB,snp,missense_variant c.2785C>T p.His929Tyr
Mel-p1-5,KNGJAN_07205,del,frameshift_variant c.144delA p.Gln48fs
Mel-p1-5,gntR,snp,stop_gained c.14T>A p.Leu5*
Mel-p3-4,rpoB,snp,missense_variant c.1943C>T p.Pro648Leu
Mel-p3-4,rfe,ins,frameshift_variant c.956_960dupTTAGT p.Ile321fs
Mel-p3-4,mnhD1,del,frameshift_variant c.639delC p.Phe213fs
Mel-p3-4,greA,snp,stop_gained c.43G>T p.Glu15*
Mel-p3-4,gntR,snp,stop_gained c.14T>A p.Leu5*
Mel-p3-4,unknown_5,snp,
Mel-p3-4,rpoA,snp,missense_variant c.445G>C p.Ala149Pro
Mel-p3-5,tilS,snp,synonymous_variant c.1287A>C p.Gly429Gly
Mel-p3-5,rpoB,snp,missense_variant c.1913T>C p.Met638Thr
Mel-p3-5,graS,del,disruptive_inframe_deletion c.446_457delAAAGAAAACAAG p.Glu149_Gln152del
Mel-p3-5,mnhG1,snp,missense_variant c.151T>C p.Ser51Pro
Mel-p3-5,msrR,snp,missense_variant c.302A>G p.Asp101Gly
Mel-p3-5,gntR,snp,stop_gained c.14T>A p.Leu5*
Mel-p3-5,agrA,del,frameshift_variant c.105delC p.Ala36fs
Mel-p3-5,cps2a,snp,synonymous_variant c.153C>T p.Arg51Arg
Mel-p3-6,tilS,snp,synonymous_variant c.1287A>C p.Gly429Gly
Mel-p3-6,rpoB,snp,missense_variant c.1913T>C p.Met638Thr
Mel-p3-6,graS,del,disruptive_inframe_deletion c.446_457delAAAGAAAACAAG p.Glu149_Gln152del
Mel-p3-6,msrR,snp,missense_variant c.302A>G p.Asp101Gly
Mel-p3-6,gntR,snp,stop_gained c.14T>A p.Leu5*
Mel-p3-6,agrA,del,frameshift_variant c.105delC p.Ala36fs
Mel-p3-6,cps2a,snp,synonymous_variant c.153C>T p.Arg51Arg
Pex-p2-5,graR,snp,missense_variant c.335A>G p.Gln112Arg
Pex-p2-5,trkA,del,disruptive_inframe_deletion c.722_724delTAG p.Val241del
Pex-p2-5,KNGJAN_04905,snp,synonymous_variant c.393T>C p.His131His
Pex-p2-5,hyl,snp,synonymous_variant c.222T>C p.His74His
Pex-p2-5,hemD,snp,stop_gained c.310C>T p.Gln104*
Pex-p2-6,graR,snp,missense_variant c.335A>G p.Gln112Arg
Pex-p2-6,hemD,snp,stop_gained c.132G>A p.Trp44*
Pex-p2-6,kdpD,snp,missense_variant c.2058G>A p.Met686Ile
Pex-p2-6,farE,snp,missense_variant c.191A>T p.Asn64Ile
Pex-p4-4,unknown_0,del,
Pex-p4-4,ndh,del,conservative_inframe_deletion c.517_603delTTCTTAGGTGAATTAACAGACAGAATTCCTGAATTATGTAGCAAATATGGTGTGGATCAAAATAAAGTTAAAATCACTTGTGTTGAA p.Phe173_Glu201del
Pex-p4-4,clpX,ins,frameshift_variant c.325_326insA p.Ser111fs
Pex-p4-4,ydbT,snp,missense_variant c.1322G>T p.Gly441Val
Mel-p1-6,rrs,snp,intragenic_variant n.499149C>T 
Mel-p1-6,ptsI,snp,missense_variant c.898G>A p.Glu300Lys
Mel-p1-6,fakA,ins,frameshift_variant c.1319dupC p.Val441fs
Mel-p1-6,msrR,snp,stop_gained c.642T>G p.Tyr214*
Mel-p1-6,gntR,snp,missense_variant c.227T>A p.Val76Asp
Mel-p1-6,gntR,snp,stop_gained c.14T>A p.Leu5*
Mel-p1-6,agrA,snp,missense_variant c.214G>T p.Gly72Cys
Mel-p1-6,fba,del,frameshift_variant c.386_470delAAAAAGGTGTTTCTGTAGAAGCTGAATTAGGTACTGTTGGTGGACAAGAAGATGATGTTGTAGCAGACGGCATCATTTATGCTGA p.Glu129fs
Mel-p1-6,infA,snp,missense_variant c.88C>T p.His30Tyr
Temp-Mel-p2-1,pitA,del,frameshift_variant c.906_907delAT p.Trp303fs
Temp-Mel-p2-1,msrR,del,conservative_inframe_deletion c.832_918delTTTGGTATCCGAGGTGAAAAAGATGTTAAGTCATTGACTGTGCCAATCAAGAACTCATACGAAGATGTCAATACAAATACTGATGGT p.Phe278_Gly306del
Temp-Mel-p2-1,gntR,snp,stop_gained c.14T>A p.Leu5*
Temp-Mel-p2-2,guaA,snp,missense_variant c.1042A>G p.Asn348Asp
Temp-Mel-p2-2,msrR,del,gene_fusion n.1337723_1337762delAATAAACAAGCTATTAAAGACTTTTTAGATGAAGATTAAA 
Temp-Mel-p2-2,apt,snp,missense_variant c.170C>T p.Ala57Val
Temp-Mel-p2-2,gntR,snp,stop_gained c.14T>A p.Leu5*
Temp-Mel-p2-3,guaA,snp,missense_variant c.1042A>T p.Asn348Tyr
Temp-Mel-p2-3,purR,ins,frameshift_variant c.87dupT p.Val30fs
Temp-Mel-p2-3,msrR,del,gene_fusion n.1337723_1337762delAATAAACAAGCTATTAAAGACTTTTTAGATGAAGATTAAA 
Temp-Mel-p2-3,gntR,snp,stop_gained c.14T>A p.Leu5*
Temp-Mel-p4-1,hpt,del,frameshift_variant c.439delA p.Ile147fs
Temp-Mel-p4-1,rfe,snp,missense_variant c.415T>C p.Trp139Arg
Temp-Mel-p4-1,mnhA1,snp,missense_variant c.1124G>T p.Gly375Val
Temp-Mel-p4-1,unknown_3,snp,
Temp-Mel-p4-1,agrA,snp,missense_variant c.566T>C p.Leu189Pro
Temp-Mel-p4-2,guaA,snp,missense_variant c.1051G>A p.Gly351Arg
Temp-Mel-p4-2,graR,snp,missense_variant c.473T>G p.Ile158Ser
Temp-Mel-p4-2,lexA,del,frameshift_variant c.518delA p.Asn175fs
Temp-Mel-p4-2,mreC,snp,missense_variant c.50T>G p.Ile17Ser
Temp-Mel-p4-2,gntR,snp,stop_gained c.14T>A p.Leu5*
Temp-Mel-p4-3,gGDEF,snp,stop_gained c.853A>T p.Lys285*
Temp-Mel-p4-3,mnhD1,snp,missense_variant c.935T>A p.Val312Glu
Temp-Mel-p4-3,yhaN,snp,missense_variant c.109T>C p.Ser37Pro
Temp-Mel-p4-3,tcaA,snp,stop_gained c.25C>T p.Gln9*
Temp-p1-1,gGDEF,snp,stop_gained c.784A>T p.Lys262*
Temp-p1-1,nusA,ins,disruptive_inframe_insertion c.758_778dupGTGCTAAAGGCGCACGTGTTG p.Gly253_Val259dup
Temp-p1-1,glpF,snp,missense_variant c.176C>T p.Ser59Leu
Temp-p1-1,sbcD,snp,stop_gained c.575G>A p.Trp192*
Temp-p1-1,dagK,snp,missense_variant c.384G>A p.Met128Ile
Temp-p1-2,mnhA1,snp,missense_variant c.1124G>T p.Gly375Val
Temp-p1-2,glpK,ins,frameshift_variant c.1279dupA p.Thr427fs
Temp-p1-2,gntR,snp,missense_variant c.218G>A p.Gly73Glu
Temp-p1-3,glpK,snp,missense_variant c.797C>T p.Thr266Ile
Temp-p1-3,yhaN,snp,stop_gained c.841A>T p.Lys281*
Temp-p1-3,dagK,snp,missense_variant c.209C>T p.Thr70Ile
Temp-p3-1,mnhD1,snp,missense_variant c.260G>T p.Ser87Ile
Temp-p3-1,mnhA1,snp,missense_variant c.910T>C p.Ser304Pro
Temp-p3-1,dagK,snp,missense_variant c.31C>T p.Pro11Ser
Temp-p3-2,glpF,ins,frameshift_variant c.146dupC p.Met50fs
Temp-p3-2,yhaN,snp,missense_variant c.2797C>T p.Arg933Cys
Temp-p3-2,dagK,snp,missense_variant c.209C>T p.Thr70Ile
Temp-p3-3,mnhA1,ins,frameshift_variant c.69_70insT p.Lys26fs
